{"cameraMode":{"drawMode":0,"name":"Shaded","section":"Shading Mode"},"sceneLighting":true,"audioPlay":false,"sceneViewState":{"m_AlwaysRefresh":false,"showFog":true,"showSkybox":true,"showFlares":true,"showImageEffects":true,"showParticleSystems":true,"showVisualEffectGraphs":true,"m_FxEnabled":true},"in2DMode":false,"pivot":{"x":-4.635366916656494,"y":1.2337532043457032,"z":-0.8418631553649902},"rotation":{"x":0.0287817120552063,"y":0.031167790293693544,"z":-0.0009137531742453575,"w":0.9991236925125122},"size":4.223933696746826,"orthographic":true}